title,price,when
パナソニック 卓上型デジタルアンプ120W WA-HA121(中古品),46835,12/15 13:41
パナソニック 卓上型デジタルアンプ120W WA-HA121,49438,12/15 13:32
特価セール ★ BETA PROJECT スーパーマルチガンラック ライフルラック■マルイ WA WE M4 M16 AK47 MP-BP006850300,7980,12/15 12:44
新品　国内発送　 富士通 LIFEBOOK AH53/S AH53/M AH56/M AH42/M AH45/M AH53/R AH42/R AH45/R WA1/S WA1/R CPU冷却ファン DFS531105MC0T,1000,12/15 11:56
ギター TAB譜付 バンド スコア miwa セレクション ～希望の環(WA)～ 9784636911190 楽譜シングルCMソング人気の定番曲ライブで盛り上がる曲,814,12/15 11:15
【新品 茶 SRL SQUARE-1 W-BOARD】 cube wa mini green house plant tray neighborhood specimen research laboratory invisible ink伊勢丹,12800,12/15 10:06
送料無料 マキタ A-48496 125mm 木工用サンデイングデイスク WA40 粗仕上げ 吸じん穴付 新品 代引不可 A48496 BO140 BO180 BO5041 BO5030,483,12/15 10:04
Ω WA 10005♪ 保証有 Fortinet【FG-60F】FortiGate-60F UTM ライセンス26年02月14日 FW：v6.4.3 キレイめ 領収書発行可能 ,132000,12/15 07:43
インテークガスケット 3枚 ワルボロ キャブレター　walbroWT WA ワルボロ パッキン　zama C1U スチール　(インテークパッキン1),320,12/15 06:14
①輸送箱未開封/ワンピース/Portrait.Of.Pirates/WA-MAXIMUM/ヤマト/#POP BB 一番くじ GLITTER ワールド ナミ ハンコック DXF 大海賊,32000,12/15 03:05
②輸送箱未開封/ワンピース/Portrait.Of.Pirates/WA-MAXIMUM/ヤマト/#POP BB 一番くじ GLITTER ワールド ナミ ハンコック DXF 大海賊,32000,12/15 03:05
1/50 コマツ KOMATSU WA600-8,7000,12/15 00:11
★綺麗2018年超速豪華仕様！★高精細フルHD/Windows11【新品M.2 SSD512GB+HDD1TB/DDR4 12GB/core i3-7100U】Blu-ray/office/富士通 WA2/C2,39500,12/15 00:06
絶版アイテム ガンケースプレゼント ウエスタンアームズ WA M92FS 《ダイハード・タイプ》バトルダメージ,35799,12/14 23:57
プルームテック WA-SJPT12-JA ACアダプター ACアダプタ 充電器 USB 純正品 6S-4200 2 【動作確認品】,400,12/14 23:57
送料無料 未使用品 PC パソコン 電源コネクタ変換ケーブル 小4ピン FDD MO HDD Ainex WA-81 アイネックス 【764,800,12/14 23:56
★大阪堺市/引き取り可★美品 MORITA モリタ 足置きこたつ MU-401WA ヒーター 足元あったか 冷え性 足先 暖房器具 持ち運び 箱入り★,6000,12/14 23:47
タグホイヤー プロフェッショナル デイト クォーツ 腕時計 WA1212 / 380.513/1 / 371.513 未稼働品 計3点 セット,17050,12/14 23:47
[即日発送] KOMATSU オリジナルミニチュア D61PXi-23/WA380-8/GD675-6/HD325-8/FH160-1/WX22H/PC210LCi-10/HM400-5/G40＆PC30E 計9点 361,13500,12/14 23:37
1514】ガス漏れアリ WA製 ベレッタM92FSシリーズ用マガジン 2本セット マグナブローバック ウエスタンアームズ,2711,12/14 23:33
「１円！ブースト計 WA」 DEPORACING 60Φデポレーシング　ホワイトアンバー,4741,12/14 23:33
T2-2）SONY WA-35 RECORDING FM/AM カセットコーダー（7）,1000,12/14 23:28
新品未開封 メガハウス Portrait.Of.Pirates ワンピース フィギュア WA-MAXIMUM ヤマト POP P.O.P,28000,12/14 23:20
☆第6世代☆高解像度☆富士通☆LIFEBOOK☆AH53/A3☆Core i7 2.60Hz/8GB/1TB/BD/無線/Bluetooth/カメラ/Office/DtoD領域/難有り☆1円☆,17050,12/14 23:12
♪WESTERN ARMS ウエスタンアームズ WA ハイキャパシティ.45 ガスガン♪ジャンク品,5775,12/14 22:58
Wa975 Henry Cottons ヘンリーコットンズ 中綿 コート ブラウン 内側キルティング フード内蔵 大きいサイズ XL相当,3300,12/14 22:57
1円超美品☆ヴィトン☆ダミエ・アンフィニ　タダオPM　2WAトート　フュージョン　N41268【LOUIS VUITTON】,78100,12/14 22:57
【北欧】美品/旧ロゴ/アラビア ARABIA *Paratiisi パラティッシ プレート 21cm ブラック*食器【陶器】0922(wa85-2209-61)【82I22】,4290,12/14 22:57
ワンピース　POP WA MAXIMUM ヤマト　フィギュア,29500,12/14 22:55
◆未開封CD★『スマイルレゲエ ／ Coba U』OVLC-50 WAになって踊ろう 手のひらを太陽に オー シャンゼリゼ ビリーヴ いつでも夢を★1円,99,12/14 22:52
送料無料 未使用 エアー枕 エアーピロー 簡易旅行枕 まくら エアークッション インフレータブル 自動膨張式 アウトドア 収納袋付 od360-wa,1131,12/14 22:51
送63円 ガスアダプター エアダスター 最新セミロング wa ksc ☆,580,12/14 22:49
●●BB●●未開封新品/保証付き　サーキュレーター　（左右自動首振り）K.AS-KN1.53(WA)(管理番号No-A 125)●,1650,12/14 22:45
【北欧】美品/旧ロゴ/アラビア ARABIA *Paratiisi パラティッシ プレート 21cm ブラック*食器【陶器】0922(wa85-2209-58)【82I22】,4290,12/14 22:45
Wa673 TOKUKO 1er VOL トクコプルミエヴォル ダウン90％入り 軽量 ダウンベスト ジップアップ レディース 総柄 ブラック,6883,12/14 22:44
rkア12-9 Lenovo レノボ L2262wA 21型液晶ディスプレイ VGA/DVI 中古品 動作確認済,1000,12/14 22:44
Wa012 イングランド製 Burberry バーバリー ラムウール100％　マフラー チェック柄 グレー系,3100,12/14 22:41
ダンヒル　dunhill　小銭入れ　コインケース　L2WA80B　ウィンザー　美品！！,7000,12/14 22:40
♪▲【富士通】ノートPC/Core i7 4712HQ(第4世代)/HDD 500GB LIFEBOOK WA2/R FMVWRA2B77 Blanccoにて消去済み 1209 N 22,13211,12/14 22:38
WA‐９１秋冬☆新品☆送料込み☆即決☆ナチュラル系☆2WAY☆ポリレーヨン混☆裏地有☆Ｍ～Ｌサイズ☆ワンピース☆ブラウン系☆,1500,12/14 22:37
1円～ 未開封 メガハウス P.O.P WA-MAXIMUM/POP ONE PIECE 百獣のカイドウ,133100,12/14 22:33
Wa734 UNIQLO ユニクロ ウルトラライトダウン　ダウンジャケット レディース ブラウン　L,1800,12/14 22:31
GE General Electric ゼネラル・エレクトリック メタル管 真空管 JAN-CG-6SK7WA 17本　,13000,12/14 22:30
1円 未使用 寝袋 シュラフ 冬用 封筒型 マミー型 フェザー ダウン キャンプ アウトドア 連結 マット 災害 防災 ツーリング ad186-hu-wa,2860,12/14 22:30
Wa939 日本製 90s VINTAGE NORTH FACE ノースフェイス 裏フリース ナイロンジャケット ブルゾン ビックシルエット 刺繍 黒×パープル,1400,12/14 22:27
Wa533 80s VINTAGE カナダ製 WOODS ARCTIC アークティック ダウンベスト メンズ レッド XL相当　大きいサイズ,1000,12/14 22:27
Wa045 クリスチャンオードジェー christian audigier パーカー ジップアップ タイガー ブラック 内側ゴールド 大きいサイズ XL相当,9250,12/14 22:25
Wa485 UNIQLO ユニクロ ウルトラライトダウンジャケット メンズ グリーン 収納袋付 オンライン限定サイズ 大きいサイズ,3700,12/14 22:25
クラシ&トリップスパブリッシング *スノードーム 2020 北欧の冬じたく*北欧暮らしの道具店【陶器】1022(wa87-2210-33),2090,12/14 22:25
新品未使用 KOON クーン ニット セーター トップス 長袖 メンズ イタリア製 グレーサイズM*WA1632,5200,12/14 22:24
7753＊中古 Paloma パロマ ガスコンロ IC-365WA-R Siセンサーコンロ every chef,5251,12/14 22:24
Wa751 UNIQLO ユニクロ ウルトラライトダウン ダウンベスト レディース ネイビー,1000,12/14 22:24
Wa165 TOMMY HILFIGER COLD STOP トミーヒルフィガー ジップアップ ジャケット フリース ロゴ刺繍 ネイビー系 ビックシルエット,1300,12/14 22:23
Wa731 Clothing Collection クロージングコレクション カシミヤ100％　セーター ニット アーガイル レディース ブラウン M,1100,12/14 22:23
新品 送料無料 Portrait.Of.Pirates ワンピース WA-MAXIMUM ヤマト POP / 輸送箱に伝票跡あり,30980,12/14 22:23
送料無料 6mm仕様 WE タナカ ウエスタンアームズ WA 外部ソース アダプター,1550,12/14 22:22
Wa114 日本製 Mademoiselle NONNON マドモアゼルノンノン パーカー ジップアップ レディース 刺繍 イエロー系,1000,12/14 22:21
Wa171 90s LACOSTE SPORT ラコステ ジップアップ　ジャケット フリース ロゴ刺繍 オレンジ　大きいサイズ メンズ,2330,12/14 22:21
WA19 新品　トルクレンチ プリセット式 28-210N-m ソケット17/19/21mm エクステンションバー付 収納ケース付,3679,12/14 22:20
Wa728 齋藤都世子 斎藤都世子 サイトウトヨコ ニット ノーカラージャケット カーディガン レディース 花柄 パープル 花ボタン 刺繍,12000,12/14 22:20
Wa436　正規品　adidas アディダス 中綿ジャケット 3ライン ブラック×グレー メンズ　L　ブルゾン　サイドライン,2500,12/14 22:20
Wa106 EVEX by KRIZIA エヴェックスバイクリツィア スリット系 ニット チュニック ワンピース 刺繍 虎 ブラウン 40,1000,12/14 22:19
from MASAKI Autumn 2021 雅姫 正樹 モヘア シルク ルーズ フィット カーディガン Mohair Silk Loose fit Cardigan F BAA18405WA 2021AW,17900,12/14 22:16
キングラム[24]TAG HEUER WA1214 フォーミュラ1 プロフェッショナル 200ｍ シルバー/ブラック クォーツ 腕時計 動作品【送料無料】@249,11550,12/14 22:13
WA コルトMK Ⅳシリーズ80 ジャンク品,6000,12/14 22:13
WHITE ALBUM2 幸せの向こう側 冬馬かずさ 抱き枕カバー /AQUAPLUS/Leaf/WA2/ホワイトアルバム２/ホワルバ２/アクアプラス/コミケ83/C83,11000,12/14 22:12
ジャンク品 WA ウエスタンアームズ SCW VREAKER12 LIMITED EDITION ウィルソン 1996 A2.45 AUTO ガスガン [R9998],11000,12/14 22:11
【新品 個数選択可】 東京マルイ 正規品 銃口 安全 保護 キャップ ■ 検 M&P USP M9 1911 P226 Glock KSC WE WA マルシン VFC MEU H&K,698,12/14 22:10
WA19 【新品トルクレンチ】 タイヤ交換 プリセット型 28-210N-m ソケット17/19/21mm エクステンションバー付 収納ケース付,3679,12/14 22:09
Portrait.Of.Piratesワンピース “WA-MAXIMUM” ロロノア・ゾロ Ver.鬼気 九刀流 “阿修羅”,25000,12/14 22:07
◆Paloma パロマ 2口 ガスコンロ everychef エブリシェフ IC-735WA-R 都市ガス用 ガステーブル 水なし ワイドグリル 両面焼き 温度調節,4200,12/14 22:05
◎良品！UNIQLO ユニクロ◆N-3Bタイプ フライトジャケット ミリタリーコート 中綿 防寒 あたたかい！◆メンズ 黒 Lサイズ◆WA056,1980,12/14 22:04
◎ALPHA アルファ◆N-3B フライトジャケット ミリタリーコート 中綿 防寒◆メンズ 黒 Lサイズ◆WA055,1980,12/14 22:04
makita マキタ 14.4V　BL1415G　＋　充電器　リチウムイオン　ライトバッテリ　中古　DC18WA,4780,12/14 22:03
【即配】Windows11対応！第8世代Corei5搭載！15.6型FHD液晶 LIFEBOOK AH WA3/C2 プレミアムホワイト i5-8250U 8GB 500GB Win10,35200,12/14 22:01
WA　ウイルソンスーパーグレード　ガスブローバック　１８歳以上用　元箱取説、予備マグ付　ウエスタンアームズ　ジャンク扱い,16245,12/14 21:56
ファインモールド　1/700　WA19　20mm単装＆1.1インチ四連装機関砲,1243,12/14 21:54
新品 送料無料 メーカー保証有 立ち消え安全装置 IWATANI イワタニ カセットコンロ カセットフー MIYABI 雅PLUS CB-WA-35F ブラック 黒,5780,12/14 21:53
Altamont製◆Kimber キンバー 1911 SIS ステイプル 木製グリップ フルサイズ◆検）ガバメント タイトー 新日本模型 MGC GM5 GM12 WA BWC ,9100,12/14 21:51
GG098 【ガスガン】 訳あり WA/ウエスタンアームズ イングラム M11 ビンテージエアガン,5000,12/14 21:49
★MGC・WA販促チラシ ベレッタM1934,330,12/14 21:41
WA ★設定表付属★安心の返品保証付&即発送★パナソニック/CATVリモコン/N2QAYB000901 @TZ-HDW611PW -HDW611D -HDW611F -HDW610PW -HDW610D,1500,12/14 21:37
ヤマト P.O.P 【未開封】 輸送箱付き 国内正規品 メガハウス ワンピース フィギュア ワノ国 WA-MAXIMUM ONEPIECE YAMATO,28900,12/14 21:35
WA ウェスタンアームズ　コルト　マークⅣ　シリーズ70　リアルスチールVer.,31501,12/14 21:34
"21ss SNIDEL リネンライクプリーツワンピース 定価18,700円 1 ブラック SWNO212023 スナイデル ロングドレス オフショルダー ボートネック",5500,12/14 21:29
WA SV INFINITY 1911 IED 4.3 インフィニティ WESTERN ARMS ウエスタンアームズ ガスブローバック マグナ GBB R7824,20000,12/14 21:24
マルイ MEU ピストル 箱 　　　　　　　 　　　　　　　　　　　　　　　　　　/M1911 MEU M45A1 ハイキャパ WA タニオコバ BELL ARMY,800,12/14 21:19
④t19◆SONY ソニー◆カセットプレーヤー WA-55 ポータブル ラジオ ステレオカセットレコーダー オーディオ機器 ,1830,12/14 21:18
実物　中古　Northtech Defense　Ti-FANG AR-15 アシストノブ　トレポン PTW WA VFC,6250,12/14 21:14
★通電OK◎ RYOBI リョービ ウッディアート WA-1000 電動彫刻刀 100V(50/60Hz) 65W 振動数 11000回/分 電動工具 箱付 11457O13-2,2200,12/14 21:13
★【送料無料】ホシザキ 電解水生成装置 WOX-40WA 2012年製 〈1779052〉★,33000,12/14 21:10
即決あり★ＷＡ★ベレッタＭ１９３４用★ハンマーストラット,880,12/14 21:09
ウエスタンアームズ　WA スーパーガス,2500,12/14 21:06
即決あり★ＷＡ・ＭＧＣ★ベレッタＭ1934用パーツ★シアーレバー,398,12/14 21:06
マルイ マガジンストッパー 6個　　　　　　　　　　　　　　/KSC WA マルゼン タニオコバ BELL M1911 G17 G19 P226 USP ウォーリアなど,550,12/14 21:04
WE 2X GREEN GAS グリーンガス TOP GAS トップガス【red gas レッドガス 猛将 CO2 マルイ vfc ksc umarex ghk kwa wa kj cybergun g&g】,4000,12/14 20:58
Y132 FUJITSU LIFEBOOK WA2/A3 FMVWA3A25W Core i5-6300HQ 4GB,8750,12/14 20:55
Y109 FUJITSU LIFEAOOK WA2/M FMVWMA2B77 Core i7-4702HQ 4GB,13250,12/14 20:54
貴重！Morris WA808 ジャパンビンテージ！「WOODY CLUB専売モデル」ハカランダが美しい！,50000,12/14 20:21
シマノ フィットウェーダー ドライタイツ WA-032R LLB,18000,12/14 20:13
